{
  "robot": "so101",
  "timestamp": "1773654281.716317",
  "meshes": {
    "base_motor_holder_so101_v1.stl": {
      "filename": "base_motor_holder_so101_v1.stl",
      "exists": true,
      "error": null,
      "vertex_count": 21720,
      "face_count": 7240,
      "aabb": {
        "min": [
          -0.022350000217556953,
          0.038100000470876694,
          -0.020800000056624413
        ],
        "max": [
          0.02529708482325077,
          0.06949999928474426,
          0.05939999967813492
        ],
        "center": [
          0.0014735423028469086,
          0.05379999987781048,
          0.019299999810755253
        ],
        "extents": [
          0.047647085040807724,
          0.03139999881386757,
          0.08019999973475933
        ],
        "volume": 0.00011998869638717045
      },
      "volume": 2.4022121945609363e-05,
      "is_watertight": false
    },
    "base_so101_v2.stl": {
      "filename": "base_so101_v2.stl",
      "exists": true,
      "error": null,
      "vertex_count": 5334,
      "face_count": 1778,
      "aabb": {
        "min": [
          -0.05700104683637619,
          -0.001334576983936131,
          -0.01612699031829834
        ],
        "max": [
          0.05544763058423996,
          0.07177123427391052,
          0.07084286957979202
        ],
        "center": [
          -0.0007767081260681152,
          0.035218328644987196,
          0.02735793963074684
        ],
        "extents": [
          0.11244867742061615,
          0.07310581125784665,
          0.08696985989809036
        ],
        "volume": 0.000714948934247781
      },
      "volume": 0.00012420193731350863,
      "is_watertight": false
    },
    "motor_holder_so101_base_v1.stl": {
      "filename": "motor_holder_so101_base_v1.stl",
      "exists": true,
      "error": null,
      "vertex_count": 15006,
      "face_count": 5002,
      "aabb": {
        "min": [
          -0.05396672338247299,
          -0.055097054690122604,
          -0.028901800513267517
        ],
        "max": [
          -0.025356607511639595,
          -0.017000000923871994,
          0.026214588433504105
        ],
        "center": [
          -0.039661665447056293,
          -0.0360485278069973,
          -0.0013436060398817062
        ],
        "extents": [
          0.028610115870833397,
          0.03809705376625061,
          0.05511638894677162
        ],
        "volume": 6.007472116951923e-05
      },
      "volume": 1.1351131438213695e-05,
      "is_watertight": false
    },
    "motor_holder_so101_wrist_v1.stl": {
      "filename": "motor_holder_so101_wrist_v1.stl",
      "exists": true,
      "error": null,
      "vertex_count": 13962,
      "face_count": 4654,
      "aabb": {
        "min": [
          -0.05446390062570572,
          -0.05389999970793724,
          -0.0301909651607275
        ],
        "max": [
          -0.02582423947751522,
          -0.0169997438788414,
          0.026294641196727753
        ],
        "center": [
          -0.04014407005161047,
          -0.03544987179338932,
          -0.0019481619819998741
        ],
        "extents": [
          0.0286396611481905,
          0.03690025582909584,
          0.056485606357455254
        ],
        "volume": 5.969460015508986e-05
      },
      "volume": 1.1470193352939415e-05,
      "is_watertight": false
    },
    "moving_jaw_so101_v1.stl": {
      "filename": "moving_jaw_so101_v1.stl",
      "exists": true,
      "error": null,
      "vertex_count": 30558,
      "face_count": 10186,
      "aabb": {
        "min": [
          -0.012414519675076008,
          -0.0830155685544014,
          -0.02403978258371353
        ],
        "max": [
          0.010115617886185646,
          0.009986072778701782,
          0.024000000208616257
        ],
        "center": [
          -0.001149450894445181,
          -0.03651474788784981,
          -1.989118754863739e-05
        ],
        "extents": [
          0.022530137561261654,
          0.09300164133310318,
          0.04803978279232979
        ],
        "volume": 0.00010065966755461674
      },
      "volume": 2.0033743740772114e-05,
      "is_watertight": false
    },
    "rotation_pitch_so101_v1.stl": {
      "filename": "rotation_pitch_so101_v1.stl",
      "exists": true,
      "error": null,
      "vertex_count": 20688,
      "face_count": 6896,
      "aabb": {
        "min": [
          -0.05980496481060982,
          0.0001444641238776967,
          -0.023000000044703484
        ],
        "max": [
          0.0005954095395281911,
          0.08461230993270874,
          0.023000000044703484
        ],
        "center": [
          -0.029604777635540813,
          0.04237838702829322,
          0.0
        ],
        "extents": [
          0.06040037435013801,
          0.08446784580883104,
          0.04600000008940697
        ],
        "volume": 0.00023468691779668848
      },
      "volume": 6.840676777665024e-05,
      "is_watertight": false
    },
    "sts3215_03a_v1.stl": {
      "filename": "sts3215_03a_v1.stl",
      "exists": true,
      "error": null,
      "vertex_count": 19152,
      "face_count": 6384,
      "aabb": {
        "min": [
          -0.022700000554323196,
          -0.012400000356137753,
          -0.01940000057220459
        ],
        "max": [
          0.024125000461935997,
          0.012400000356137753,
          0.020618103444576263
        ],
        "center": [
          0.0007124999538064003,
          0.0,
          0.0006090514361858368
        ],
        "extents": [
          0.04682500101625919,
          0.024800000712275505,
          0.04001810401678085
        ],
        "volume": 4.6471425813808194e-05
      },
      "volume": 2.910336917336674e-05,
      "is_watertight": false
    },
    "sts3215_03a_no_horn_v1.stl": {
      "filename": "sts3215_03a_no_horn_v1.stl",
      "exists": true,
      "error": null,
      "vertex_count": 19104,
      "face_count": 6368,
      "aabb": {
        "min": [
          -0.022700000554323196,
          -0.012400000356137753,
          -0.01940000057220459
        ],
        "max": [
          0.02526363730430603,
          0.012400000356137753,
          0.0208902508020401
        ],
        "center": [
          0.001281818374991417,
          0.0,
          0.0007451251149177551
        ],
        "extents": [
          0.04796363785862923,
          0.024800000712275505,
          0.04029025137424469
        ],
        "volume": 4.7925183624904716e-05
      },
      "volume": 2.892282184833664e-05,
      "is_watertight": false
    },
    "under_arm_so101_v1.stl": {
      "filename": "under_arm_so101_v1.stl",
      "exists": true,
      "error": null,
      "vertex_count": 28368,
      "face_count": 9456,
      "aabb": {
        "min": [
          -0.0538862869143486,
          -0.04399999976158142,
          -0.03420000150799751
        ],
        "max": [
          0.07689440995454788,
          -0.019999947398900986,
          0.030228275805711746
        ],
        "center": [
          0.01150406152009964,
          -0.0319999735802412,
          -0.0019858628511428833
        ],
        "extents": [
          0.13078069686889648,
          0.024000052362680435,
          0.06442827731370926
        ],
        "volume": 0.00020222384133022241
      },
      "volume": 8.596610444778715e-05,
      "is_watertight": false
    },
    "upper_arm_so101_v1.stl": {
      "filename": "upper_arm_so101_v1.stl",
      "exists": true,
      "error": null,
      "vertex_count": 25632,
      "face_count": 8544,
      "aabb": {
        "min": [
          -0.07075714319944382,
          -2.682611193449702e-05,
          -0.035638753324747086
        ],
        "max": [
          0.0772676095366478,
          0.024976516142487526,
          0.031720854341983795
        ],
        "center": [
          0.0032552331686019897,
          0.012474845015276514,
          -0.001958949491381645
        ],